<?xml version="1.0"?>
<root>
	<conv2d name="conv1" inChannels="1" outChannels="20" kernel="5" stride="1" padding="0"/>
	<bn2d name="bn1" nOut="20"/>
	<relu name="relu1" />
	<maxpool name="pool1" kernel="2" stride="2"/>
	<binConv2d name="conv2" inChannels="1" outChannels="20" kernel="5" stride="1" padding="0"/>
	<bn2d name="bn2" nOut="50"/>
	<relu name="relu2" />
	<maxpool name="pool2" kernel="2" stride="2"/>
	<view axis="-1" channels="800"/>
	<binFc name="fc1" inFeatures="800" outFeatures="500" bias="false"/>
	<bn1d name="bn3" nOut="50"/>
	<relu name="relu3" />
	<fc name="fc2" inFeatures="500" outFeatures="10" bias="true"/>
</root>